Date,cash_weight
2001-02-28,0.5056688699517049
2001-03-31,0.508438866043865
2001-04-30,0.3813582643633343
2001-05-31,0.4009735673849537
2001-06-30,0.38255817745979215
2001-07-31,0.39088214729447834
2001-08-31,0.3790054676429975
2001-09-30,0.12285312070096321
2001-10-31,0.2323172997040941
2001-11-30,0.22964137665977646
2001-12-31,0.4241480649906898
2002-01-31,0.37850553928663444
2002-02-28,0.37549730753623156
2002-03-31,0.38356419277482134
2002-04-30,0.36833284926421506
2002-05-31,0.3630842265677834
2002-06-30,0.36875607726811344
2002-07-31,0.384528973673798
2002-08-31,0.4553146220782103
2002-09-30,0.44457697830713316
2002-10-31,0.45848913328160446
2002-11-30,0.48992345439383755
2002-12-31,0.4404881523153047
2003-01-31,0.4607524740546649
2003-02-28,0.4570717613868419
2003-03-31,0.44346818788278286
2003-04-30,0.43727326258298627
2003-05-31,0.4588492102056545
2003-06-30,0.4676043838360222
2003-07-31,0.0
2003-08-31,0.0
2003-09-30,0.0
2003-10-31,0.0
2003-11-30,0.0
2003-12-31,0.0
2004-01-31,0.0
2004-02-29,0.0
2004-03-31,0.0
2004-04-30,0.0
2004-05-31,0.0
2004-06-30,0.0
2004-07-31,0.0
2004-08-31,0.0
2004-09-30,0.0
2004-10-31,0.0
2004-11-30,0.0
2004-12-31,0.0
2005-01-31,0.0
2005-02-28,0.0
2005-03-31,0.0
2005-04-30,0.0
2005-05-31,0.0
2005-06-30,0.0
2005-07-31,0.0
2005-08-31,0.0
2005-09-30,0.0
2005-10-31,0.0
2005-11-30,0.0
2005-12-31,0.0
2006-01-31,0.0
2006-02-28,0.0
2006-03-31,0.0
2006-04-30,0.0
2006-05-31,0.0
2006-06-30,0.0
2006-07-31,0.0
2006-08-31,0.0
2006-09-30,0.0
2006-10-31,0.0893832530024794
2006-11-30,0.0
2006-12-31,0.0
2007-01-31,0.0
2007-02-28,0.0
2007-03-31,0.0
2007-04-30,0.0
2007-05-31,0.0
2007-06-30,0.0
2007-07-31,0.0
2007-08-31,0.0
2007-09-30,0.0
2007-10-31,0.0
2007-11-30,0.0
2007-12-31,0.0
2008-01-31,0.0
2008-02-29,0.0
2008-03-31,0.0
2008-04-30,0.0
2008-05-31,0.0
2008-06-30,0.0
2008-07-31,0.0
2008-08-31,0.0
2008-09-30,0.0
2008-10-31,0.0
2008-11-30,0.06936436035859528
2008-12-31,0.0615858328917358
2009-01-31,0.046302818825375125
2009-02-28,0.005130877075637863
2009-03-31,0.0620498880894349
2009-04-30,0.10527279214128282
2009-05-31,0.08238083582826528
2009-06-30,0.08146857478898051
2009-07-31,0.09520713822921811
2009-08-31,0.13391345773208763
2009-09-30,0.14085374011208263
2009-10-31,0.051463864603708
2009-11-30,0.0
2009-12-31,0.0
2010-01-31,0.0
2010-02-28,0.0
2010-03-31,0.0
2010-04-30,0.0
2010-05-31,0.0
2010-06-30,0.0
2010-07-31,0.042643127903827294
2010-08-31,0.05614258290995233
2010-09-30,0.11147818301867751
2010-10-31,0.15767805719646
2010-11-30,0.15285916989393433
2010-12-31,0.1192248481359297
2011-01-31,0.14032363327392594
2011-02-28,0.07175838321461492
2011-03-31,0.06962704902174244
2011-04-30,0.02028784486882307
2011-05-31,0.013474689489584302
2011-06-30,0.0
2011-07-31,0.0
2011-08-31,0.0
2011-09-30,0.0
2011-10-31,0.0
2011-11-30,0.0
2011-12-31,0.0
2012-01-31,0.0
2012-02-29,0.0
2012-03-31,0.0
2012-04-30,0.0
2012-05-31,0.0
2012-06-30,0.0
2012-07-31,0.0
2012-08-31,0.0
2012-09-30,0.0
2012-10-31,0.0
2012-11-30,0.0
2012-12-31,0.0
2013-01-31,0.0
2013-02-28,0.0
2013-03-31,0.0
2013-04-30,0.0
2013-05-31,0.0
2013-06-30,0.0
2013-07-31,0.0
2013-08-31,0.0
2013-09-30,0.0
2013-10-31,0.0
2013-11-30,0.0
2013-12-31,0.0
2014-01-31,0.0
2014-02-28,0.0
2014-03-31,0.0
2014-04-30,0.0
2014-05-31,0.0
2014-06-30,0.0
2014-07-31,0.0
2014-08-31,0.0
2014-09-30,0.0
2014-10-31,0.0
2014-11-30,0.0
2014-12-31,0.0
2015-01-31,0.0
2015-02-28,0.0
2015-03-31,0.0
2015-04-30,0.0
2015-05-31,0.0
2015-06-30,0.0
2015-07-31,0.0
2015-08-31,0.0
2015-09-30,0.0
2015-10-31,0.0
2015-11-30,0.0
2015-12-31,0.0
2016-01-31,0.0
2016-02-29,0.0
2016-03-31,0.0
2016-04-30,0.0
2016-05-31,0.0
2016-06-30,0.0
2016-07-31,0.0
2016-08-31,0.0
2016-09-30,0.0
2016-10-31,0.0
2016-11-30,0.0
2016-12-31,0.0
2017-01-31,0.0
2017-02-28,0.0
2017-03-31,0.0
2017-04-30,0.0
2017-05-31,0.0
2017-06-30,0.0
2017-07-31,0.0
2017-08-31,0.0
2017-09-30,0.0
2017-10-31,0.0
2017-11-30,0.0
2017-12-31,0.0
2018-01-31,0.0
2018-02-28,0.0
2018-03-31,0.0
2018-04-30,0.0
2018-05-31,0.0
2018-06-30,0.0
2018-07-31,0.0
2018-08-31,0.0
2018-09-30,0.0
2018-10-31,0.0
2018-11-30,0.0
2018-12-31,0.0
2019-01-31,0.0
2019-02-28,0.0
2019-03-31,0.0
2019-04-30,0.0
2019-05-31,0.0
2019-06-30,0.0
2019-07-31,0.0
2019-08-31,0.3991520473168847
2019-09-30,0.0
2019-10-31,0.4003262443109765
2019-11-30,0.0
2019-12-31,0.26346464023458005
2020-01-31,0.0
2020-02-29,0.0
2020-03-31,0.0
2020-04-30,0.0
2020-05-31,0.0
2020-06-30,0.0
2020-07-31,0.0
2020-08-31,0.0
2020-09-30,0.0
2020-10-31,0.015439808148582479
2020-11-30,0.04661854896825113
2020-12-31,0.14259296158258972
2021-01-31,0.144508467815476
2021-02-28,0.14853629802899015
2021-03-31,0.029923868573796808
2021-04-30,0.0
2021-05-31,0.0
2021-06-30,0.0
2021-07-31,0.0
2021-08-31,0.0
2021-09-30,0.0
2021-10-31,0.0
2021-11-30,0.0
2021-12-31,0.0
2022-01-31,0.0
2022-02-28,0.0
2022-03-31,0.0
2022-04-30,0.0
2022-05-31,0.0
2022-06-30,0.0
2022-07-31,0.0
2022-08-31,0.0
2022-09-30,0.0
2022-10-31,0.009901855982721863
2022-11-30,0.08688554164314843
2022-12-31,0.09100841637459611
2023-01-31,0.5485556635826924
2023-02-28,0.5435040495684913
2023-03-31,0.5540569431199418
2023-04-30,0.09535206528776996
2023-05-31,0.5302273629562623
2023-06-30,0.032040804146187596
2023-07-31,0.48959317488987075
2023-08-31,0.0
2023-09-30,0.0
2023-10-31,0.0
2023-11-30,0.0
2023-12-31,0.0
2024-01-31,0.0
2024-02-29,0.0
2024-03-31,0.0
2024-04-30,0.0
2024-05-31,0.0
2024-06-30,0.0
2024-07-31,0.0
2024-08-31,0.0
2024-09-30,0.0
2024-10-31,0.0
2024-11-30,0.0
2024-12-31,0.0
2025-01-31,0.0
2025-02-28,0.0
2025-03-31,0.0
2025-04-30,0.0
2025-05-31,0.0
2025-06-30,0.0
2025-07-31,0.2893886174918795
2025-08-31,0.0
2025-09-30,0.0
2025-10-31,0.29636154977357076
2025-11-30,0.0
2025-12-31,0.0
2026-01-31,0.0
